Date,Open,High,Low,Close,,
28-Feb-23,"3,977.19","3,997.50","3,968.98","3,970.15",,
27-Feb-23,"3,992.36","4,018.05","3,973.55","3,982.24",,
24-Feb-23,"3,973.24","3,978.25","3,943.08","3,970.04",,
23-Feb-23,"4,018.60","4,028.30","3,969.19","4,012.32",,
22-Feb-23,"4,001.83","4,017.37","3,976.90","3,991.05",,
21-Feb-23,"4,052.35","4,052.35","3,995.19","3,997.34",,
17-Feb-23,"4,077.39","4,081.51","4,047.95","4,079.09",,
16-Feb-23,"4,114.75","4,136.54","4,089.49","4,090.41",,
15-Feb-23,"4,119.50","4,148.11","4,103.98","4,147.60",,
14-Feb-23,"4,126.70","4,159.77","4,095.01","4,136.13",,
13-Feb-23,"4,096.62","4,138.90","4,092.67","4,137.29",,
10-Feb-23,"4,068.92","4,094.36","4,060.79","4,090.46",,
9-Feb-23,"4,144.25","4,156.23","4,069.67","4,081.50",,
8-Feb-23,"4,153.47","4,156.85","4,111.67","4,117.86",,
7-Feb-23,"4,105.35","4,176.54","4,088.39","4,164.00",,
6-Feb-23,"4,119.57","4,124.63","4,093.38","4,111.08",,
3-Feb-23,"4,136.69","4,182.36","4,123.36","4,136.48",,
2-Feb-23,"4,158.68","4,195.44","4,141.88","4,179.76",,
1-Feb-23,"4,070.07","4,148.95","4,037.20","4,119.21",,
31-Jan-23,"4,020.85","4,077.16","4,020.44","4,076.60",,
30-Jan-23,"4,049.27","4,063.85","4,015.55","4,017.77",,
27-Jan-23,"4,053.72","4,094.21","4,048.70","4,070.56",,
26-Jan-23,"4,036.08","4,061.57","4,013.29","4,060.43",,
25-Jan-23,"3,982.71","4,019.55","3,949.06","4,016.22",,
24-Jan-23,"4,001.74","4,023.92","3,989.79","4,016.95",,
23-Jan-23,"3,978.14","4,039.31","3,971.64","4,019.81",,
20-Jan-23,"3,909.04","3,972.96","3,897.86","3,972.61",,
19-Jan-23,"3,911.84","3,922.94","3,885.54","3,898.85",,
18-Jan-23,"4,002.25","4,014.16","3,926.59","3,928.86",,
17-Jan-23,"3,999.28","4,015.39","3,984.57","3,990.97",,
13-Jan-23,"3,960.60","4,003.95","3,947.67","3,999.09",,
12-Jan-23,"3,977.57","3,997.76","3,937.56","3,983.17",,
11-Jan-23,"3,932.35","3,970.07","3,928.54","3,969.61",,
10-Jan-23,"3,888.57","3,919.83","3,877.29","3,919.25",,
9-Jan-23,"3,910.82","3,950.57","3,890.42","3,892.09",,
6-Jan-23,"3,823.37","3,906.19","3,809.56","3,895.08",,
5-Jan-23,"3,839.74","3,839.74","3,802.42","3,808.10",,
4-Jan-23,"3,840.36","3,873.16","3,815.77","3,852.97",,
3-Jan-23,"3,853.29","3,878.46","3,794.33","3,824.14",,
30-Dec-22,"3,829.06","3,839.85","3,800.34","3,839.50",,
29-Dec-22,"3,805.45","3,858.19","3,805.45","3,849.28",,
28-Dec-22,"3,829.56","3,848.32","3,780.78","3,783.22",,
27-Dec-22,"3,843.34","3,846.65","3,813.22","3,829.25",,
23-Dec-22,"3,815.11","3,845.80","3,797.01","3,844.82",,
22-Dec-22,"3,853.26","3,853.26","3,764.49","3,822.39",,
21-Dec-22,"3,839.49","3,889.82","3,839.49","3,878.44",,
20-Dec-22,"3,810.47","3,838.24","3,795.62","3,821.62",,
19-Dec-22,"3,853.79","3,854.86","3,800.04","3,817.66",,
16-Dec-22,"3,890.91","3,890.91","3,827.91","3,852.36",,
15-Dec-22,"3,958.37","3,958.37","3,879.45","3,895.75",,
14-Dec-22,"4,015.54","4,053.76","3,965.65","3,995.32",,
13-Dec-22,"4,069.38","4,100.96","3,993.03","4,019.65",,
12-Dec-22,"3,939.29","3,990.71","3,935.30","3,990.56",,
9-Dec-22,"3,954.17","3,977.02","3,933.04","3,934.38",,
8-Dec-22,"3,947.79","3,974.19","3,935.83","3,963.51",,
7-Dec-22,"3,933.28","3,957.57","3,922.68","3,933.92",,
6-Dec-22,"3,996.63","4,001.51","3,918.39","3,941.26",,
5-Dec-22,"4,052.02","4,052.45","3,984.49","3,998.84",,
2-Dec-22,"4,040.17","4,080.48","4,026.63","4,071.70",,
1-Dec-22,"4,087.14","4,100.51","4,050.87","4,076.57",,
30-Nov-22,"3,957.18","4,080.11","3,938.58","4,080.11",,
29-Nov-22,"3,964.19","3,976.77","3,937.65","3,957.63",,
28-Nov-22,"4,005.36","4,012.27","3,955.77","3,963.94",,
25-Nov-22,"4,023.34","4,034.02","4,020.76","4,026.12",,
23-Nov-22,"4,000.30","4,033.78","3,998.66","4,027.26",,
22-Nov-22,"3,965.51","4,005.88","3,956.88","4,003.58",,
21-Nov-22,"3,956.23","3,962.00","3,933.34","3,949.94",,
18-Nov-22,"3,966.39","3,979.89","3,935.98","3,965.34",,
17-Nov-22,"3,919.26","3,954.33","3,906.54","3,946.56",,
16-Nov-22,"3,976.82","3,983.09","3,954.34","3,958.79",,
15-Nov-22,"4,006.41","4,028.84","3,953.17","3,991.73",,
14-Nov-22,"3,977.97","4,008.97","3,956.40","3,957.25",,
11-Nov-22,"3,963.72","4,001.48","3,944.82","3,992.93",,
10-Nov-22,"3,859.89","3,958.33","3,859.89","3,956.37",,
9-Nov-22,"3,810.94","3,818.20","3,744.22","3,748.57",,
8-Nov-22,"3,817.02","3,859.40","3,786.28","3,828.11",,
7-Nov-22,"3,780.71","3,813.95","3,764.70","3,806.80",,
4-Nov-22,"3,766.98","3,796.34","3,708.84","3,770.55",,
3-Nov-22,"3,733.25","3,750.59","3,698.15","3,719.89",,
2-Nov-22,"3,852.90","3,894.44","3,758.68","3,759.69",,
1-Nov-22,"3,901.79","3,911.79","3,843.80","3,856.10",,
31-Oct-22,"3,881.85","3,893.73","3,863.18","3,871.98",,
28-Oct-22,"3,808.26","3,905.42","3,808.26","3,901.06",,
27-Oct-22,"3,834.69","3,859.95","3,803.79","3,807.30",,
26-Oct-22,"3,825.97","3,886.15","3,824.07","3,830.60",,
25-Oct-22,"3,799.44","3,862.85","3,799.44","3,859.11",,
24-Oct-22,"3,762.01","3,810.74","3,741.65","3,797.34",,
21-Oct-22,"3,657.10","3,757.89","3,647.42","3,752.75",,
20-Oct-22,"3,689.05","3,736.00","3,656.44","3,665.78",,
19-Oct-22,"3,703.11","3,728.58","3,666.51","3,695.16",,
18-Oct-22,"3,746.26","3,762.79","3,686.53","3,719.98",,
17-Oct-22,"3,638.65","3,689.73","3,638.65","3,677.95",,
14-Oct-22,"3,690.41","3,712.00","3,579.68","3,583.07",,
13-Oct-22,"3,520.37","3,685.41","3,491.58","3,669.91",,
12-Oct-22,"3,590.83","3,608.34","3,573.86","3,577.03",,
11-Oct-22,"3,595.86","3,640.66","3,568.45","3,588.84",,
10-Oct-22,"3,647.51","3,652.17","3,588.10","3,612.39",,
7-Oct-22,"3,706.74","3,706.74","3,620.73","3,639.66",,
6-Oct-22,"3,771.97","3,797.93","3,739.22","3,744.52",,
5-Oct-22,"3,753.25","3,806.91","3,722.66","3,783.28",,
4-Oct-22,"3,726.46","3,791.92","3,726.46","3,790.93",,
3-Oct-22,"3,609.78","3,698.35","3,604.93","3,678.43",,
30-Sep-22,"3,633.48","3,671.44","3,584.13","3,585.62",,
29-Sep-22,"3,687.01","3,687.01","3,610.40","3,640.47",,
28-Sep-22,"3,651.94","3,736.74","3,640.61","3,719.04",,
27-Sep-22,"3,686.44","3,717.53","3,623.29","3,647.29",,
26-Sep-22,"3,682.72","3,715.67","3,644.76","3,655.04",,
23-Sep-22,"3,727.14","3,727.14","3,647.47","3,693.23",,
22-Sep-22,"3,782.36","3,790.90","3,749.45","3,757.99",,
21-Sep-22,"3,871.40","3,907.07","3,789.49","3,789.93",,
20-Sep-22,"3,875.23","3,876.01","3,827.54","3,855.93",,
19-Sep-22,"3,849.91","3,900.45","3,838.50","3,899.89",,
16-Sep-22,"3,880.95","3,880.95","3,837.08","3,873.33",,
15-Sep-22,"3,932.41","3,959.14","3,888.28","3,901.35",,
14-Sep-22,"3,940.73","3,961.94","3,912.18","3,946.01",,
13-Sep-22,"4,037.12","4,037.12","3,921.28","3,932.69",,
12-Sep-22,"4,083.67","4,119.28","4,083.67","4,110.41",,
9-Sep-22,"4,022.94","4,076.81","4,022.94","4,067.36",,
8-Sep-22,"3,959.94","4,010.50","3,944.81","4,006.18",,
7-Sep-22,"3,909.43","3,987.89","3,906.03","3,979.87",,
6-Sep-22,"3,930.89","3,942.55","3,886.75","3,908.19",,
2-Sep-22,"3,994.66","4,018.43","3,906.21","3,924.26",,
1-Sep-22,"3,936.73","3,970.23","3,903.65","3,966.85",,
31-Aug-22,"4,000.67","4,015.37","3,954.53","3,955.00",,
30-Aug-22,"4,041.25","4,044.98","3,965.21","3,986.16",,
29-Aug-22,"4,034.58","4,062.99","4,017.42","4,030.61",,
26-Aug-22,"4,198.74","4,203.04","4,057.66","4,057.66",,
25-Aug-22,"4,153.26","4,200.54","4,147.59","4,199.12",,
24-Aug-22,"4,126.55","4,156.56","4,119.97","4,140.77",,
23-Aug-22,"4,133.09","4,159.77","4,124.03","4,128.73",,
22-Aug-22,"4,195.08","4,195.08","4,129.86","4,137.99",,
19-Aug-22,"4,266.31","4,266.31","4,218.70","4,228.48",,
18-Aug-22,"4,273.13","4,292.53","4,261.98","4,283.74",,
17-Aug-22,"4,280.40","4,302.18","4,253.08","4,274.04",,
16-Aug-22,"4,290.46","4,325.28","4,277.77","4,305.20",,
15-Aug-22,"4,269.37","4,301.79","4,256.90","4,297.14",,
12-Aug-22,"4,225.02","4,280.47","4,219.78","4,280.15",,
11-Aug-22,"4,227.40","4,257.91","4,201.41","4,207.27",,
10-Aug-22,"4,181.02","4,211.03","4,177.26","4,210.24",,
9-Aug-22,"4,133.11","4,137.30","4,112.09","4,122.47",,
8-Aug-22,"4,155.93","4,186.62","4,128.97","4,140.06",,
5-Aug-22,"4,115.87","4,151.58","4,107.31","4,145.19",,
4-Aug-22,"4,154.85","4,161.29","4,135.42","4,151.94",,
3-Aug-22,"4,107.96","4,167.66","4,107.96","4,155.17",,
2-Aug-22,"4,104.21","4,140.47","4,079.81","4,091.19",,
1-Aug-22,"4,112.38","4,144.95","4,096.02","4,118.63",,
29-Jul-22,"4,087.33","4,140.15","4,079.22","4,130.29",,
28-Jul-22,"4,026.13","4,078.95","3,992.97","4,072.43",,
27-Jul-22,"3,951.43","4,039.56","3,951.43","4,023.61",,
26-Jul-22,"3,953.22","3,953.22","3,910.74","3,921.05",,
25-Jul-22,"3,965.72","3,975.30","3,943.46","3,966.84",,
22-Jul-22,"3,998.43","4,012.44","3,938.86","3,961.63",,
21-Jul-22,"3,955.47","3,999.29","3,927.64","3,998.95",,
20-Jul-22,"3,935.32","3,974.13","3,922.03","3,959.90",,
19-Jul-22,"3,860.73","3,939.81","3,860.73","3,936.69",,
18-Jul-22,"3,883.79","3,902.44","3,818.63","3,830.85",,
15-Jul-22,"3,818.00","3,863.62","3,817.18","3,863.16",,
14-Jul-22,"3,763.99","3,796.41","3,721.56","3,790.38",,
13-Jul-22,"3,779.67","3,829.44","3,759.07","3,801.78",,
12-Jul-22,"3,851.95","3,873.41","3,802.36","3,818.80",,
11-Jul-22,"3,880.94","3,880.94","3,847.22","3,854.43",,
8-Jul-22,"3,888.26","3,918.50","3,869.34","3,899.38",,
7-Jul-22,"3,858.85","3,910.63","3,858.85","3,902.62",,
6-Jul-22,"3,831.98","3,870.91","3,809.37","3,845.08",,
5-Jul-22,"3,792.61","3,832.19","3,742.06","3,831.39",,
1-Jul-22,"3,781.00","3,829.82","3,752.10","3,825.33",,
30-Jun-22,"3,785.99","3,818.99","3,738.67","3,785.38",,
29-Jun-22,"3,825.09","3,836.50","3,799.02","3,818.83",,
28-Jun-22,"3,913.00","3,945.86","3,820.14","3,821.55",,
27-Jun-22,"3,920.76","3,927.72","3,889.66","3,900.11",,
24-Jun-22,"3,821.75","3,913.65","3,821.75","3,911.74",,
23-Jun-22,"3,774.71","3,802.58","3,743.52","3,795.73",,
22-Jun-22,"3,733.89","3,801.79","3,717.69","3,759.89",,
21-Jun-22,"3,715.31","3,779.65","3,715.31","3,764.79",,
17-Jun-22,"3,665.90","3,707.71","3,636.87","3,674.84",,
16-Jun-22,"3,728.18","3,728.18","3,639.77","3,666.77",,
15-Jun-22,"3,764.05","3,837.56","3,722.30","3,789.99",,
14-Jun-22,"3,763.52","3,778.18","3,705.68","3,735.48",,
13-Jun-22,"3,838.15","3,838.15","3,734.30","3,749.63",,
10-Jun-22,"3,974.39","3,974.39","3,900.16","3,900.86",,
9-Jun-22,"4,101.65","4,119.10","4,017.17","4,017.82",,
8-Jun-22,"4,147.12","4,160.14","4,107.20","4,115.77",,
7-Jun-22,"4,096.47","4,164.86","4,080.19","4,160.68",,
6-Jun-22,"4,134.72","4,168.78","4,109.18","4,121.43",,
3-Jun-22,"4,137.57","4,142.67","4,098.67","4,108.54",,
2-Jun-22,"4,095.41","4,177.51","4,074.37","4,176.82",,
1-Jun-22,"4,149.78","4,166.54","4,073.85","4,101.23",,
31-May-22,"4,151.09","4,168.34","4,104.88","4,132.15",,
27-May-22,"4,077.43","4,158.49","4,077.43","4,158.24",,
26-May-22,"3,984.60","4,075.14","3,984.60","4,057.84",,
25-May-22,"3,929.59","3,999.33","3,925.03","3,978.73",,
24-May-22,"3,942.94","3,955.68","3,875.13","3,941.48",,
23-May-22,"3,919.42","3,981.88","3,909.04","3,973.75",,
20-May-22,"3,927.76","3,943.42","3,810.32","3,901.36",,
19-May-22,"3,899.00","3,945.96","3,876.58","3,900.79",,
18-May-22,"4,051.98","4,051.98","3,911.91","3,923.68",,
17-May-22,"4,052.00","4,090.72","4,033.93","4,088.85",,
16-May-22,"4,013.02","4,046.46","3,983.99","4,008.01",,
13-May-22,"3,963.90","4,038.88","3,963.90","4,023.89",,
12-May-22,"3,903.95","3,964.80","3,858.87","3,930.08",,
11-May-22,"3,990.08","4,049.09","3,928.82","3,935.18",,
10-May-22,"4,035.18","4,068.82","3,958.17","4,001.05",,
9-May-22,"4,081.27","4,081.27","3,975.48","3,991.24",,
6-May-22,"4,128.17","4,157.69","4,067.91","4,123.34",,
5-May-22,"4,270.43","4,270.43","4,106.01","4,146.87",,
4-May-22,"4,181.18","4,307.66","4,148.91","4,300.17",,
3-May-22,"4,159.78","4,200.10","4,147.08","4,175.48",,
2-May-22,"4,130.61","4,169.81","4,062.51","4,155.38",,
29-Apr-22,"4,253.75","4,269.68","4,124.28","4,131.93",,
28-Apr-22,"4,222.58","4,308.45","4,188.63","4,287.50",,
27-Apr-22,"4,186.52","4,240.71","4,162.90","4,183.96",,
26-Apr-22,"4,278.14","4,278.14","4,175.04","4,175.20",,
25-Apr-22,"4,255.34","4,299.02","4,200.82","4,296.12",,
22-Apr-22,"4,385.83","4,385.83","4,267.62","4,271.78",,
21-Apr-22,"4,489.17","4,512.94","4,384.47","4,393.66",,
20-Apr-22,"4,472.26","4,488.29","4,448.76","4,459.45",,
19-Apr-22,"4,390.63","4,471.03","4,390.63","4,462.21",,
18-Apr-22,"4,385.63","4,410.31","4,370.30","4,391.69",,
14-Apr-22,"4,449.12","4,460.46","4,390.77","4,392.59",,
13-Apr-22,"4,394.30","4,453.92","4,392.70","4,446.59",,
12-Apr-22,"4,437.59","4,471.00","4,381.34","4,397.45",,
11-Apr-22,"4,462.64","4,464.35","4,408.38","4,412.53",,
8-Apr-22,"4,494.15","4,520.41","4,474.60","4,488.28",,
7-Apr-22,"4,474.65","4,521.16","4,450.30","4,500.21",,
6-Apr-22,"4,494.17","4,503.94","4,450.04","4,481.15",,
5-Apr-22,"4,572.45","4,593.45","4,514.17","4,525.12",,
4-Apr-22,"4,547.97","4,583.50","4,539.21","4,582.64",,
1-Apr-22,"4,540.32","4,548.70","4,507.57","4,545.86",,
31-Mar-22,"4,599.02","4,603.07","4,530.41","4,530.41",,
30-Mar-22,"4,624.20","4,627.77","4,581.32","4,602.45",,
29-Mar-22,"4,602.86","4,637.30","4,589.66","4,631.60",,
28-Mar-22,"4,541.09","4,575.65","4,517.69","4,575.52",,
25-Mar-22,"4,522.91","4,546.03","4,501.07","4,543.06",,
24-Mar-22,"4,469.98","4,520.58","4,465.17","4,520.16",,
23-Mar-22,"4,493.10","4,501.07","4,455.81","4,456.24",,
22-Mar-22,"4,469.10","4,522.00","4,469.10","4,511.61",,
21-Mar-22,"4,462.40","4,481.75","4,424.30","4,461.18",,
18-Mar-22,"4,407.34","4,465.40","4,390.57","4,463.12",,
17-Mar-22,"4,345.11","4,412.67","4,335.65","4,411.67",,
16-Mar-22,"4,288.14","4,358.90","4,251.99","4,357.86",,
15-Mar-22,"4,188.82","4,271.05","4,187.90","4,262.45",,
14-Mar-22,"4,202.75","4,247.57","4,161.72","4,173.11",,
11-Mar-22,"4,279.50","4,291.01","4,200.49","4,204.31",,
10-Mar-22,"4,252.55","4,268.28","4,209.80","4,259.52",,
9-Mar-22,"4,223.10","4,299.40","4,223.10","4,277.88",,
8-Mar-22,"4,202.66","4,276.94","4,157.87","4,170.70",,
7-Mar-22,"4,327.01","4,327.01","4,199.85","4,201.09",,
4-Mar-22,"4,342.12","4,342.12","4,284.98","4,328.87",,
3-Mar-22,"4,401.31","4,416.78","4,345.56","4,363.49",,
2-Mar-22,"4,322.56","4,401.48","4,322.56","4,386.54",,
1-Mar-22,"4,363.14","4,378.45","4,279.54","4,306.26",,
28-Feb-22,"4,354.17","4,388.84","4,315.12","4,373.94",,
25-Feb-22,"4,298.38","4,385.34","4,286.83","4,384.65",,
24-Feb-22,"4,155.77","4,294.73","4,114.65","4,288.70",,
23-Feb-22,"4,324.93","4,341.51","4,221.51","4,225.50",,
22-Feb-22,"4,332.74","4,362.12","4,267.11","4,304.76",,
18-Feb-22,"4,384.57","4,394.60","4,327.22","4,348.87",,
17-Feb-22,"4,456.06","4,456.06","4,373.81","4,380.26",,
16-Feb-22,"4,455.75","4,489.55","4,429.68","4,475.01",,
15-Feb-22,"4,429.28","4,472.77","4,429.28","4,471.07",,
14-Feb-22,"4,412.61","4,426.22","4,364.84","4,401.67",,
11-Feb-22,"4,506.27","4,526.33","4,401.41","4,418.64",,
10-Feb-22,"4,553.24","4,588.92","4,484.31","4,504.08",,
9-Feb-22,"4,547.00","4,590.03","4,547.00","4,587.18",,
8-Feb-22,"4,480.02","4,531.32","4,465.40","4,521.54",,
7-Feb-22,"4,505.75","4,521.86","4,471.47","4,483.87",,
4-Feb-22,"4,482.79","4,539.66","4,451.50","4,500.53",,
3-Feb-22,"4,535.41","4,542.88","4,470.39","4,477.44",,
2-Feb-22,"4,566.39","4,595.31","4,544.32","4,589.38",,
1-Feb-22,"4,519.57","4,550.49","4,483.53","4,546.54",,
31-Jan-22,"4,431.79","4,516.89","4,414.02","4,515.55",,
28-Jan-22,"4,336.19","4,432.72","4,292.46","4,431.85",,
27-Jan-22,"4,380.58","4,428.74","4,309.50","4,326.51",,
26-Jan-22,"4,408.43","4,453.23","4,304.80","4,349.93",,
25-Jan-22,"4,366.64","4,411.01","4,287.11","4,356.45",,
24-Jan-22,"4,356.32","4,417.35","4,222.62","4,410.13",,
21-Jan-22,"4,471.38","4,494.52","4,395.34","4,397.94",,
20-Jan-22,"4,547.35","4,602.11","4,477.95","4,482.73",,
19-Jan-22,"4,588.03","4,611.55","4,530.20","4,532.76",,
18-Jan-22,"4,632.24","4,632.24","4,568.70","4,577.11",,
14-Jan-22,"4,637.99","4,665.13","4,614.75","4,662.85",,
13-Jan-22,"4,733.56","4,744.13","4,650.29","4,659.03",,
12-Jan-22,"4,728.59","4,748.83","4,706.71","4,726.35",,
11-Jan-22,"4,669.14","4,714.13","4,638.27","4,713.07",,
10-Jan-22,"4,655.34","4,673.02","4,582.24","4,670.29",,
7-Jan-22,"4,697.66","4,707.95","4,662.74","4,677.03",,
6-Jan-22,"4,693.39","4,725.01","4,671.26","4,696.05",,
5-Jan-22,"4,787.99","4,797.70","4,699.44","4,700.58",,
4-Jan-22,"4,804.51","4,818.62","4,774.27","4,793.54",,
3-Jan-22,"4,778.14","4,796.64","4,758.17","4,796.56",,
31-Dec-21,"4,775.21","4,786.83","4,765.75","4,766.18",,
30-Dec-21,"4,794.23","4,808.93","4,775.33","4,778.73",,
29-Dec-21,"4,788.64","4,804.06","4,778.08","4,793.06",,
28-Dec-21,"4,795.49","4,807.02","4,780.04","4,786.35",,
27-Dec-21,"4,733.99","4,791.49","4,733.99","4,791.19",,
23-Dec-21,"4,703.96","4,740.74","4,703.96","4,725.79",,
22-Dec-21,"4,650.36","4,697.67","4,645.53","4,696.56",,
21-Dec-21,"4,594.96","4,651.14","4,583.16","4,649.23",,
20-Dec-21,"4,587.90","4,587.90","4,531.10","4,568.02",,
17-Dec-21,"4,652.50","4,666.70","4,600.22","4,620.64",,
16-Dec-21,"4,719.13","4,731.99","4,651.89","4,668.67",,
15-Dec-21,"4,636.46","4,712.60","4,611.22","4,709.85",,
14-Dec-21,"4,642.99","4,660.47","4,606.52","4,634.09",,
13-Dec-21,"4,710.30","4,710.30","4,667.60","4,668.97",,
10-Dec-21,"4,687.64","4,713.57","4,670.24","4,712.02",,
9-Dec-21,"4,691.00","4,695.26","4,665.98","4,667.45",,
8-Dec-21,"4,690.86","4,705.06","4,674.52","4,701.21",,
7-Dec-21,"4,631.97","4,694.04","4,631.97","4,686.75",,
6-Dec-21,"4,548.37","4,612.60","4,540.51","4,591.67",,
3-Dec-21,"4,589.49","4,608.03","4,495.12","4,538.43",,
2-Dec-21,"4,504.73","4,595.46","4,504.73","4,577.10",,
1-Dec-21,"4,602.82","4,652.94","4,510.27","4,513.04",,
30-Nov-21,"4,640.25","4,646.02","4,560.00","4,567.00",,
29-Nov-21,"4,628.75","4,672.95","4,625.26","4,655.27",,
26-Nov-21,"4,664.63","4,664.63","4,585.43","4,594.62",,
24-Nov-21,"4,675.78","4,702.87","4,659.89","4,701.46",,
23-Nov-21,"4,678.48","4,699.39","4,652.66","4,690.70",,
22-Nov-21,"4,712.00","4,743.83","4,682.17","4,682.94",,
19-Nov-21,"4,708.44","4,717.75","4,694.22","4,697.96",,
18-Nov-21,"4,700.72","4,708.80","4,672.78","4,704.54",,
17-Nov-21,"4,701.50","4,701.50","4,684.41","4,688.67",,
16-Nov-21,"4,679.42","4,714.95","4,679.42","4,700.90",,
15-Nov-21,"4,689.30","4,697.42","4,672.86","4,682.80",,
12-Nov-21,"4,655.24","4,688.47","4,650.77","4,682.85",,
11-Nov-21,"4,659.39","4,664.55","4,648.31","4,649.27",,
10-Nov-21,"4,670.26","4,684.85","4,630.86","4,646.71",,
9-Nov-21,"4,707.25","4,708.53","4,670.87","4,685.25",,
8-Nov-21,"4,701.48","4,714.92","4,694.39","4,701.70",,
5-Nov-21,"4,699.26","4,718.50","4,681.32","4,697.53",,
4-Nov-21,"4,662.93","4,683.00","4,662.59","4,680.06",,
3-Nov-21,"4,630.65","4,663.46","4,621.19","4,660.57",,
2-Nov-21,"4,613.34","4,635.15","4,613.34","4,630.65",,
1-Nov-21,"4,610.62","4,620.34","4,595.06","4,613.67",,
29-Oct-21,"4,572.87","4,608.08","4,567.59","4,605.38",,
28-Oct-21,"4,562.84","4,597.55","4,562.84","4,596.42",,
27-Oct-21,"4,580.22","4,584.57","4,551.66","4,551.68",,
26-Oct-21,"4,578.69","4,598.53","4,569.17","4,574.79",,
25-Oct-21,"4,553.69","4,572.62","4,537.36","4,566.48",,
22-Oct-21,"4,546.12","4,559.67","4,524.00","4,544.90",,
21-Oct-21,"4,532.24","4,551.44","4,526.89","4,549.78",,
20-Oct-21,"4,524.42","4,540.87","4,524.40","4,536.19",,
19-Oct-21,"4,497.34","4,520.40","4,496.41","4,519.63",,
18-Oct-21,"4,463.72","4,488.75","4,447.47","4,486.46",,
15-Oct-21,"4,447.69","4,475.82","4,447.69","4,471.37",,
14-Oct-21,"4,386.75","4,439.73","4,386.75","4,438.26",,
13-Oct-21,"4,358.01","4,372.87","4,329.92","4,363.80",,
12-Oct-21,"4,368.31","4,374.89","4,342.09","4,350.65",,
11-Oct-21,"4,385.44","4,415.88","4,360.59","4,361.19",,
8-Oct-21,"4,406.51","4,412.02","4,386.22","4,391.34",,
7-Oct-21,"4,383.73","4,429.97","4,383.73","4,399.76",,
6-Oct-21,"4,319.57","4,365.57","4,290.49","4,363.55",,
5-Oct-21,"4,309.87","4,369.23","4,309.87","4,345.72",,
4-Oct-21,"4,348.84","4,355.51","4,278.94","4,300.46",,
1-Oct-21,"4,317.16","4,375.19","4,288.52","4,357.04",,
30-Sep-21,"4,370.67","4,382.55","4,306.24","4,307.54",,
29-Sep-21,"4,362.41","4,385.57","4,355.08","4,359.46",,
28-Sep-21,"4,419.54","4,419.54","4,346.33","4,352.63",,
27-Sep-21,"4,442.12","4,457.30","4,436.19","4,443.11",,
24-Sep-21,"4,438.04","4,463.12","4,430.27","4,455.48",,
23-Sep-21,"4,406.75","4,465.40","4,406.75","4,448.98",,
22-Sep-21,"4,367.43","4,416.75","4,367.43","4,395.64",,
21-Sep-21,"4,374.45","4,394.87","4,347.96","4,354.19",,
20-Sep-21,"4,402.95","4,402.95","4,305.91","4,357.73",,
17-Sep-21,"4,469.74","4,471.52","4,427.76","4,432.99",,
16-Sep-21,"4,477.09","4,485.87","4,443.80","4,473.75",,
15-Sep-21,"4,447.49","4,486.87","4,438.37","4,480.70",,
14-Sep-21,"4,479.33","4,485.68","4,435.46","4,443.05",,
13-Sep-21,"4,474.81","4,492.99","4,445.70","4,468.73",,
10-Sep-21,"4,506.92","4,520.47","4,457.66","4,458.58",,
9-Sep-21,"4,513.02","4,529.90","4,492.07","4,493.28",,
8-Sep-21,"4,518.09","4,521.79","4,493.95","4,514.07",,
7-Sep-21,"4,535.38","4,535.38","4,513.00","4,520.03",,
3-Sep-21,"4,532.42","4,541.45","4,521.30","4,535.43",,
2-Sep-21,"4,534.48","4,545.85","4,524.66","4,536.95",,
1-Sep-21,"4,528.80","4,537.11","4,522.02","4,524.09",,
31-Aug-21,"4,529.75","4,531.39","4,515.80","4,522.68",,
30-Aug-21,"4,513.76","4,537.36","4,513.76","4,528.79",,
27-Aug-21,"4,474.10","4,513.33","4,474.10","4,509.37",,
26-Aug-21,"4,493.75","4,495.90","4,468.99","4,470.00",,
25-Aug-21,"4,490.45","4,501.71","4,485.66","4,496.19",,
24-Aug-21,"4,484.40","4,492.81","4,482.28","4,486.23",,
23-Aug-21,"4,450.29","4,489.88","4,450.29","4,479.53",,
20-Aug-21,"4,410.56","4,444.35","4,406.80","4,441.67",,
19-Aug-21,"4,382.44","4,418.61","4,367.73","4,405.80",,
18-Aug-21,"4,440.94","4,454.32","4,397.59","4,400.27",,
17-Aug-21,"4,462.12","4,462.12","4,417.83","4,448.08",,
16-Aug-21,"4,461.65","4,480.26","4,437.66","4,479.71",,
13-Aug-21,"4,464.84","4,468.37","4,460.82","4,468.00",,
12-Aug-21,"4,446.08","4,461.77","4,435.96","4,460.83",,
11-Aug-21,"4,442.18","4,449.44","4,436.42","4,442.41",,
10-Aug-21,"4,435.79","4,445.21","4,430.03","4,436.75",,
9-Aug-21,"4,437.77","4,439.39","4,424.74","4,432.35",,
6-Aug-21,"4,429.07","4,440.82","4,429.07","4,436.52",,
5-Aug-21,"4,408.86","4,429.76","4,408.86","4,429.10",,
4-Aug-21,"4,415.95","4,416.17","4,400.23","4,402.66",,
3-Aug-21,"4,392.74","4,423.79","4,373.00","4,423.15",,
2-Aug-21,"4,406.86","4,422.18","4,384.81","4,387.16",,
30-Jul-21,"4,395.12","4,412.25","4,389.65","4,395.26",,
29-Jul-21,"4,403.59","4,429.97","4,403.59","4,419.15",,
28-Jul-21,"4,402.95","4,415.47","4,387.01","4,400.64",,
27-Jul-21,"4,416.38","4,416.38","4,372.51","4,401.46",,
26-Jul-21,"4,409.58","4,422.73","4,405.45","4,422.30",,
23-Jul-21,"4,381.20","4,415.18","4,381.20","4,411.79",,
22-Jul-21,"4,361.27","4,369.87","4,350.06","4,367.48",,
21-Jul-21,"4,331.13","4,359.70","4,331.13","4,358.69",,
20-Jul-21,"4,265.11","4,336.84","4,262.05","4,323.06",,
19-Jul-21,"4,296.40","4,296.40","4,233.13","4,258.49",,
16-Jul-21,"4,367.43","4,375.09","4,322.53","4,327.16",,
15-Jul-21,"4,369.02","4,369.02","4,340.70","4,360.03",,
14-Jul-21,"4,380.11","4,393.68","4,362.36","4,374.30",,
13-Jul-21,"4,381.07","4,392.37","4,366.92","4,369.21",,
12-Jul-21,"4,372.41","4,386.68","4,364.03","4,384.63",,
9-Jul-21,"4,329.38","4,371.60","4,329.38","4,369.55",,
8-Jul-21,"4,321.07","4,330.88","4,289.37","4,320.82",,
7-Jul-21,"4,351.01","4,361.88","4,329.79","4,358.13",,
6-Jul-21,"4,356.46","4,356.46","4,314.37","4,343.54",,
2-Jul-21,"4,326.60","4,355.43","4,326.60","4,352.34",,
1-Jul-21,"4,300.73","4,320.66","4,300.73","4,319.94",,
30-Jun-21,"4,290.65","4,302.43","4,287.96","4,297.50",,
29-Jun-21,"4,293.21","4,300.52","4,287.04","4,291.80",,
28-Jun-21,"4,284.90","4,292.14","4,274.67","4,290.61",,
25-Jun-21,"4,274.45","4,286.12","4,271.16","4,280.70",,
24-Jun-21,"4,256.97","4,271.28","4,256.97","4,266.49",,
23-Jun-21,"4,249.27","4,256.60","4,241.43","4,241.84",,
22-Jun-21,"4,224.61","4,255.84","4,217.27","4,246.44",,
21-Jun-21,"4,173.40","4,226.24","4,173.40","4,224.79",,
18-Jun-21,"4,204.78","4,204.78","4,164.40","4,166.45",,
17-Jun-21,"4,220.37","4,232.29","4,196.05","4,221.86",,
16-Jun-21,"4,248.87","4,251.89","4,202.45","4,223.70",,
15-Jun-21,"4,255.28","4,257.16","4,238.35","4,246.59",,
14-Jun-21,"4,248.31","4,255.59","4,234.07","4,255.15",,
11-Jun-21,"4,242.90","4,248.38","4,232.25","4,247.44",,
10-Jun-21,"4,228.56","4,249.74","4,220.34","4,239.18",,
9-Jun-21,"4,232.99","4,237.09","4,218.74","4,219.55",,
8-Jun-21,"4,233.81","4,236.74","4,208.41","4,227.26",,
7-Jun-21,"4,229.34","4,232.34","4,215.66","4,226.52",,
4-Jun-21,"4,206.05","4,233.45","4,206.05","4,229.89",,
3-Jun-21,"4,191.43","4,204.39","4,167.93","4,192.85",,
2-Jun-21,"4,206.82","4,217.37","4,198.27","4,208.12",,
1-Jun-21,"4,216.52","4,234.12","4,197.59","4,202.04",,
28-May-21,"4,210.77","4,218.36","4,203.57","4,204.11",,
27-May-21,"4,201.94","4,213.38","4,197.78","4,200.88",,
26-May-21,"4,191.59","4,202.61","4,184.11","4,195.99",,
25-May-21,"4,205.94","4,213.42","4,182.52","4,188.13",,
24-May-21,"4,170.16","4,209.52","4,170.16","4,197.05",,
21-May-21,"4,168.61","4,188.72","4,151.72","4,155.86",,
20-May-21,"4,121.97","4,172.80","4,121.97","4,159.12",,
19-May-21,"4,098.45","4,116.93","4,061.41","4,115.68",,
18-May-21,"4,165.94","4,169.15","4,125.99","4,127.83",,
17-May-21,"4,169.92","4,171.92","4,142.69","4,163.29",,
14-May-21,"4,129.58","4,183.13","4,129.58","4,173.85",,
13-May-21,"4,074.99","4,131.58","4,074.99","4,112.50",,
12-May-21,"4,130.55","4,134.73","4,056.88","4,063.04",,
11-May-21,"4,150.34","4,162.04","4,111.53","4,152.10",,
10-May-21,"4,228.29","4,236.39","4,188.13","4,188.43",,
7-May-21,"4,210.34","4,238.04","4,201.64","4,232.60",,
6-May-21,"4,169.14","4,202.70","4,147.33","4,201.62",,
5-May-21,"4,177.06","4,187.72","4,160.94","4,167.59",,
4-May-21,"4,179.04","4,179.04","4,128.59","4,164.66",,
3-May-21,"4,191.98","4,209.39","4,188.03","4,192.66",,
30-Apr-21,"4,198.10","4,198.10","4,174.85","4,181.17",,
29-Apr-21,"4,206.14","4,218.78","4,176.81","4,211.47",,
28-Apr-21,"4,185.14","4,201.53","4,181.78","4,183.18",,
27-Apr-21,"4,188.25","4,193.35","4,176.22","4,186.72",,
26-Apr-21,"4,185.03","4,194.19","4,182.36","4,187.62",,
23-Apr-21,"4,138.78","4,194.17","4,138.78","4,180.17",,
22-Apr-21,"4,170.46","4,179.57","4,123.69","4,134.98",,
21-Apr-21,"4,128.42","4,175.02","4,126.35","4,173.42",,
20-Apr-21,"4,159.18","4,159.18","4,118.38","4,134.94",,
19-Apr-21,"4,179.80","4,180.81","4,150.47","4,163.26",,
16-Apr-21,"4,174.14","4,191.31","4,170.75","4,185.47",,
15-Apr-21,"4,139.76","4,173.49","4,139.76","4,170.42",,
14-Apr-21,"4,141.58","4,151.69","4,120.87","4,124.66",,
13-Apr-21,"4,130.10","4,148.00","4,124.43","4,141.59",,
12-Apr-21,"4,124.71","4,131.76","4,114.82","4,127.99",,
9-Apr-21,"4,096.11","4,129.48","4,095.51","4,128.80",,
8-Apr-21,"4,089.95","4,098.19","4,082.54","4,097.17",,
7-Apr-21,"4,074.29","4,083.13","4,068.31","4,079.95",,
6-Apr-21,"4,075.57","4,086.23","4,068.14","4,073.94",,
5-Apr-21,"4,034.44","4,083.42","4,034.44","4,077.91",,
1-Apr-21,"3,992.78","4,020.63","3,992.78","4,019.87",,
31-Mar-21,"3,967.25","3,994.41","3,966.98","3,972.89",,
30-Mar-21,"3,963.34","3,968.01","3,944.35","3,958.55",,
29-Mar-21,"3,969.31","3,981.83","3,943.25","3,971.09",,
26-Mar-21,"3,917.12","3,978.19","3,917.12","3,974.54",,
25-Mar-21,"3,879.34","3,919.54","3,853.50","3,909.52",,
24-Mar-21,"3,919.93","3,942.08","3,889.07","3,889.14",,
23-Mar-21,"3,937.60","3,949.13","3,901.57","3,910.52",,
22-Mar-21,"3,916.48","3,955.31","3,914.16","3,940.59",,
19-Mar-21,"3,913.14","3,930.12","3,886.75","3,913.10",,
18-Mar-21,"3,953.50","3,969.62","3,910.86","3,915.46",,
17-Mar-21,"3,949.57","3,983.87","3,935.74","3,974.12",,
16-Mar-21,"3,973.59","3,981.04","3,953.44","3,962.71",,
15-Mar-21,"3,942.96","3,970.08","3,923.54","3,968.94",,
12-Mar-21,"3,924.52","3,944.99","3,915.21","3,943.34",,
11-Mar-21,"3,915.54","3,960.27","3,915.54","3,939.34",,
10-Mar-21,"3,891.99","3,917.35","3,885.73","3,898.81",,
9-Mar-21,"3,851.93","3,903.76","3,851.93","3,875.44",,
8-Mar-21,"3,844.39","3,881.06","3,819.25","3,821.35",,
5-Mar-21,"3,793.58","3,851.69","3,730.19","3,841.94",,
4-Mar-21,"3,818.53","3,843.67","3,723.34","3,768.47",,
3-Mar-21,"3,863.99","3,874.47","3,818.86","3,819.72",,
2-Mar-21,"3,903.64","3,906.41","3,868.57","3,870.29",,
1-Mar-21,"3,842.51","3,914.50","3,842.51","3,901.82",,
26-Feb-21,"3,839.66","3,861.08","3,789.54","3,811.15",,
25-Feb-21,"3,915.80","3,925.02","3,814.04","3,829.34",,
24-Feb-21,"3,873.71","3,928.65","3,859.60","3,925.43",,
23-Feb-21,"3,857.07","3,895.98","3,805.59","3,881.37",,
22-Feb-21,"3,885.55","3,902.92","3,874.71","3,876.50",,
19-Feb-21,"3,921.16","3,930.41","3,903.07","3,906.71",,
18-Feb-21,"3,915.86","3,921.98","3,885.03","3,913.97",,
17-Feb-21,"3,918.50","3,933.61","3,900.43","3,931.33",,
16-Feb-21,"3,939.61","3,950.43","3,923.85","3,932.59",,
12-Feb-21,"3,911.65","3,937.23","3,905.78","3,934.83",,
11-Feb-21,"3,916.40","3,925.99","3,890.39","3,916.38",,
10-Feb-21,"3,920.78","3,931.50","3,884.94","3,909.88",,
9-Feb-21,"3,910.49","3,918.35","3,902.64","3,911.23",,
8-Feb-21,"3,892.59","3,915.77","3,892.59","3,915.59",,
5-Feb-21,"3,878.30","3,894.56","3,874.93","3,886.83",,
4-Feb-21,"3,836.66","3,872.42","3,836.66","3,871.74",,
3-Feb-21,"3,840.27","3,847.51","3,816.68","3,830.17",,
2-Feb-21,"3,791.84","3,843.09","3,791.84","3,826.31",,
1-Feb-21,"3,731.17","3,784.32","3,725.62","3,773.86",,
29-Jan-21,"3,778.05","3,778.05","3,694.12","3,714.24",,
28-Jan-21,"3,755.75","3,830.50","3,755.75","3,787.38",,
27-Jan-21,"3,836.83","3,836.83","3,732.48","3,750.77",,
26-Jan-21,"3,862.96","3,870.90","3,847.78","3,849.62",,
25-Jan-21,"3,851.68","3,859.23","3,797.16","3,855.36",,
22-Jan-21,"3,844.24","3,852.31","3,830.41","3,841.47",,
21-Jan-21,"3,857.46","3,861.45","3,845.05","3,853.07",,
20-Jan-21,"3,816.22","3,859.75","3,816.22","3,851.85",,
19-Jan-21,"3,781.88","3,804.53","3,780.37","3,798.91",,
15-Jan-21,"3,788.73","3,788.73","3,749.62","3,768.25",,
14-Jan-21,"3,814.98","3,823.60","3,792.86","3,795.54",,
13-Jan-21,"3,802.23","3,820.96","3,791.50","3,809.84",,
12-Jan-21,"3,801.62","3,810.78","3,776.51","3,801.19",,
11-Jan-21,"3,803.14","3,817.86","3,789.02","3,799.61",,
8-Jan-21,"3,815.05","3,826.69","3,783.60","3,824.68",,
7-Jan-21,"3,764.71","3,811.55","3,764.71","3,803.79",,
6-Jan-21,"3,712.20","3,783.04","3,705.34","3,748.14",,
5-Jan-21,"3,698.02","3,737.83","3,695.07","3,726.86",,
4-Jan-21,"3,764.61","3,769.99","3,662.71","3,700.65",,
31-Dec-20,"3,733.27","3,760.20","3,726.88","3,756.07",,
30-Dec-20,"3,736.19","3,744.63","3,730.21","3,732.04",,
29-Dec-20,"3,750.01","3,756.12","3,723.31","3,727.04",,
28-Dec-20,"3,723.03","3,740.51","3,723.03","3,735.36",,
24-Dec-20,"3,694.03","3,703.82","3,689.32","3,703.06",,
23-Dec-20,"3,693.42","3,711.24","3,689.28","3,690.01",,
22-Dec-20,"3,698.08","3,698.26","3,676.16","3,687.26",,
21-Dec-20,"3,684.28","3,702.90","3,636.48","3,694.92",,
18-Dec-20,"3,722.39","3,726.70","3,685.84","3,709.41",,
17-Dec-20,"3,713.65","3,725.12","3,710.87","3,722.48",,
16-Dec-20,"3,696.25","3,711.27","3,688.57","3,701.17",,
15-Dec-20,"3,666.41","3,695.29","3,659.62","3,694.62",,
14-Dec-20,"3,675.27","3,697.61","3,645.84","3,647.49",,
11-Dec-20,"3,656.08","3,665.91","3,633.40","3,663.46",,
10-Dec-20,"3,659.13","3,678.49","3,645.18","3,668.10",,
9-Dec-20,"3,705.98","3,712.39","3,660.54","3,672.82",,
8-Dec-20,"3,683.05","3,708.45","3,678.83","3,702.25",,
7-Dec-20,"3,694.73","3,697.41","3,678.88","3,691.96",,
4-Dec-20,"3,670.94","3,699.20","3,670.94","3,699.12",,
3-Dec-20,"3,668.28","3,682.73","3,657.17","3,666.72",,
2-Dec-20,"3,653.78","3,670.96","3,644.84","3,669.01",,
1-Dec-20,"3,645.87","3,678.45","3,645.87","3,662.45",,
30-Nov-20,"3,634.18","3,634.18","3,594.39","3,621.63",,
27-Nov-20,"3,638.55","3,644.31","3,629.33","3,638.35",,
25-Nov-20,"3,635.50","3,635.50","3,617.76","3,629.65",,
24-Nov-20,"3,594.52","3,642.31","3,594.52","3,635.41",,
23-Nov-20,"3,566.82","3,589.81","3,552.77","3,577.59",,
20-Nov-20,"3,579.31","3,581.23","3,556.85","3,557.54",,
19-Nov-20,"3,559.41","3,585.22","3,543.84","3,581.87",,
18-Nov-20,"3,612.09","3,619.09","3,567.33","3,567.79",,
17-Nov-20,"3,610.31","3,623.11","3,588.68","3,609.53",,
16-Nov-20,"3,600.16","3,628.51","3,600.16","3,626.91",,
13-Nov-20,"3,552.57","3,593.66","3,552.57","3,585.15",,
12-Nov-20,"3,562.67","3,569.02","3,518.58","3,537.01",,
11-Nov-20,"3,563.22","3,581.16","3,557.00","3,572.66",,
10-Nov-20,"3,543.26","3,557.22","3,511.91","3,545.53",,
9-Nov-20,"3,583.04","3,645.99","3,547.48","3,550.50",,
6-Nov-20,"3,508.34","3,521.58","3,484.34","3,509.44",,
5-Nov-20,"3,485.74","3,529.05","3,485.74","3,510.45",,
4-Nov-20,"3,406.46","3,486.25","3,405.17","3,443.44",,
3-Nov-20,"3,336.25","3,389.49","3,336.25","3,369.16",,
2-Nov-20,"3,296.20","3,330.14","3,279.74","3,310.24",,
30-Oct-20,"3,293.59","3,304.93","3,233.94","3,269.96",,
29-Oct-20,"3,277.17","3,341.05","3,259.82","3,310.11",,
28-Oct-20,"3,342.48","3,342.48","3,268.89","3,271.03",,
27-Oct-20,"3,403.15","3,409.51","3,388.71","3,390.68",,
26-Oct-20,"3,441.42","3,441.42","3,364.86","3,400.97",,
23-Oct-20,"3,464.90","3,466.46","3,440.45","3,465.39",,
22-Oct-20,"3,438.50","3,460.53","3,415.34","3,453.49",,
21-Oct-20,"3,439.91","3,464.86","3,433.06","3,435.56",,
20-Oct-20,"3,439.38","3,476.93","3,435.65","3,443.12",,
19-Oct-20,"3,493.66","3,502.42","3,419.93","3,426.92",,
16-Oct-20,"3,493.50","3,515.76","3,480.45","3,483.81",,
15-Oct-20,"3,453.72","3,489.08","3,440.89","3,483.34",,
14-Oct-20,"3,515.47","3,527.94","3,480.55","3,488.67",,
13-Oct-20,"3,534.01","3,534.01","3,500.86","3,511.93",,
12-Oct-20,"3,500.02","3,549.85","3,499.61","3,534.22",,
9-Oct-20,"3,459.67","3,482.34","3,458.07","3,477.14",,
8-Oct-20,"3,434.28","3,447.28","3,428.15","3,446.83",,
7-Oct-20,"3,384.56","3,426.26","3,384.56","3,419.44",,
6-Oct-20,"3,408.74","3,431.56","3,354.54","3,360.97",,
5-Oct-20,"3,367.27","3,409.57","3,367.27","3,408.60",,
2-Oct-20,"3,338.94","3,369.10","3,323.69","3,348.42",,
1-Oct-20,"3,385.87","3,397.18","3,361.39","3,380.80",,
30-Sep-20,"3,341.21","3,393.56","3,340.47","3,363.00",,
29-Sep-20,"3,350.92","3,357.92","3,327.54","3,335.47",,
28-Sep-20,"3,333.90","3,360.74","3,332.91","3,351.60",,
25-Sep-20,"3,236.66","3,306.88","3,228.44","3,298.46",,
24-Sep-20,"3,226.14","3,278.70","3,209.45","3,246.59",,
23-Sep-20,"3,320.11","3,323.35","3,232.57","3,236.92",,
22-Sep-20,"3,295.75","3,320.31","3,270.95","3,315.57",,
21-Sep-20,"3,285.57","3,285.57","3,229.10","3,281.06",,
18-Sep-20,"3,357.38","3,362.27","3,292.40","3,319.47",,
17-Sep-20,"3,346.86","3,375.17","3,328.82","3,357.01",,
16-Sep-20,"3,411.23","3,428.92","3,384.45","3,385.49",,
15-Sep-20,"3,407.73","3,419.48","3,389.25","3,401.20",,
14-Sep-20,"3,363.56","3,402.93","3,363.56","3,383.54",,
11-Sep-20,"3,352.70","3,368.95","3,310.47","3,340.97",,
10-Sep-20,"3,412.56","3,425.55","3,329.25","3,339.19",,
9-Sep-20,"3,369.82","3,424.77","3,366.84","3,398.96",,
8-Sep-20,"3,371.88","3,379.97","3,329.27","3,331.84",,
4-Sep-20,"3,453.60","3,479.15","3,349.63","3,426.96",,
3-Sep-20,"3,564.74","3,564.85","3,427.41","3,455.06",,
2-Sep-20,"3,543.76","3,588.11","3,535.23","3,580.84",,
1-Sep-20,"3,507.44","3,528.03","3,494.60","3,526.65",,
31-Aug-20,"3,509.73","3,514.77","3,493.25","3,500.31",,
28-Aug-20,"3,494.69","3,509.23","3,484.32","3,508.01",,
27-Aug-20,"3,485.14","3,501.38","3,468.35","3,484.55",,
26-Aug-20,"3,449.97","3,481.07","3,444.15","3,478.73",,
25-Aug-20,"3,435.95","3,444.21","3,425.84","3,443.62",,
24-Aug-20,"3,418.09","3,432.09","3,413.13","3,431.28",,
21-Aug-20,"3,386.01","3,399.96","3,379.31","3,397.16",,
20-Aug-20,"3,360.48","3,390.80","3,354.69","3,385.51",,
19-Aug-20,"3,392.51","3,399.54","3,369.66","3,374.85",,
18-Aug-20,"3,387.04","3,395.06","3,370.15","3,389.78",,
17-Aug-20,"3,380.86","3,387.59","3,379.22","3,381.99",,
14-Aug-20,"3,368.66","3,378.51","3,361.64","3,372.85",,
13-Aug-20,"3,372.95","3,387.24","3,363.35","3,373.43",,
12-Aug-20,"3,355.46","3,387.89","3,355.46","3,380.35",,
11-Aug-20,"3,370.34","3,381.01","3,326.44","3,333.69",,
10-Aug-20,"3,356.04","3,363.29","3,335.44","3,360.47",,
7-Aug-20,"3,340.05","3,352.54","3,328.72","3,351.28",,
6-Aug-20,"3,323.17","3,351.03","3,318.14","3,349.16",,
5-Aug-20,"3,317.37","3,330.77","3,317.37","3,327.77",,
4-Aug-20,"3,289.92","3,306.84","3,286.37","3,306.51",,
3-Aug-20,"3,288.26","3,302.73","3,284.53","3,294.61",,
31-Jul-20,"3,270.45","3,272.17","3,220.26","3,271.12",,
30-Jul-20,"3,231.76","3,250.92","3,204.13","3,246.22",,
29-Jul-20,"3,227.22","3,264.74","3,227.22","3,258.44",,
28-Jul-20,"3,234.27","3,243.72","3,216.17","3,218.44",,
27-Jul-20,"3,219.84","3,241.43","3,214.25","3,239.41",,
24-Jul-20,"3,218.58","3,227.26","3,200.05","3,215.63",,
23-Jul-20,"3,271.64","3,279.99","3,222.66","3,235.66",,
22-Jul-20,"3,254.86","3,279.32","3,253.10","3,276.02",,
21-Jul-20,"3,268.52","3,277.29","3,247.77","3,257.30",,
20-Jul-20,"3,224.29","3,258.61","3,215.16","3,251.84",,
17-Jul-20,"3,224.21","3,233.52","3,205.65","3,224.73",,
16-Jul-20,"3,208.36","3,220.39","3,198.59","3,215.57",,
15-Jul-20,"3,225.98","3,238.28","3,200.76","3,226.56",,
14-Jul-20,"3,141.11","3,200.95","3,127.66","3,197.52",,
13-Jul-20,"3,205.08","3,235.32","3,149.43","3,155.22",,
10-Jul-20,"3,152.47","3,186.82","3,136.22","3,185.04",,
9-Jul-20,"3,176.17","3,179.78","3,115.70","3,152.05",,
8-Jul-20,"3,153.07","3,171.80","3,136.53","3,169.94",,
7-Jul-20,"3,166.44","3,184.15","3,142.93","3,145.32",,
6-Jul-20,"3,155.29","3,182.59","3,155.29","3,179.72",,
2-Jul-20,"3,143.64","3,165.81","3,124.52","3,130.01",,
1-Jul-20,"3,105.92","3,128.44","3,101.17","3,115.86",,
30-Jun-20,"3,050.20","3,111.51","3,047.83","3,100.29",,
29-Jun-20,"3,018.59","3,053.89","2,999.74","3,053.24",,
26-Jun-20,"3,073.20","3,073.73","3,004.63","3,009.05",,
25-Jun-20,"3,046.60","3,086.25","3,024.01","3,083.76",,
24-Jun-20,"3,114.40","3,115.01","3,032.13","3,050.33",,
23-Jun-20,"3,138.70","3,154.90","3,127.12","3,131.29",,
22-Jun-20,"3,094.42","3,120.92","3,079.39","3,117.86",,
19-Jun-20,"3,140.29","3,155.53","3,083.11","3,097.74",,
18-Jun-20,"3,101.64","3,120.00","3,093.51","3,115.34",,
17-Jun-20,"3,136.13","3,141.16","3,108.03","3,113.49",,
16-Jun-20,"3,131.00","3,153.45","3,076.06","3,124.74",,
15-Jun-20,"2,993.76","3,079.76","2,965.66","3,066.59",,
12-Jun-20,"3,071.04","3,088.42","2,984.47","3,041.31",,
11-Jun-20,"3,123.53","3,123.53","2,999.49","3,002.10",,
10-Jun-20,"3,213.42","3,223.27","3,181.49","3,190.14",,
9-Jun-20,"3,213.32","3,222.71","3,193.11","3,207.18",,
8-Jun-20,"3,199.92","3,233.13","3,196.00","3,232.39",,
5-Jun-20,"3,163.84","3,211.72","3,163.84","3,193.93",,
4-Jun-20,"3,111.56","3,128.91","3,090.41","3,112.35",,
3-Jun-20,"3,098.90","3,130.94","3,098.90","3,122.87",,
2-Jun-20,"3,064.78","3,081.07","3,051.64","3,080.82",,
1-Jun-20,"3,038.78","3,062.18","3,031.54","3,055.73",,
29-May-20,"3,025.17","3,049.17","2,998.61","3,044.31",,
28-May-20,"3,046.61","3,068.67","3,023.40","3,029.73",,
27-May-20,"3,015.65","3,036.25","2,969.75","3,036.13",,
26-May-20,"3,004.08","3,021.72","2,988.17","2,991.77",,
22-May-20,"2,948.05","2,956.76","2,933.59","2,955.45",,
21-May-20,"2,969.95","2,978.50","2,938.57","2,948.51",,
20-May-20,"2,953.63","2,980.29","2,953.63","2,971.61",,
19-May-20,"2,948.59","2,964.21","2,922.35","2,922.94",,
18-May-20,"2,913.86","2,968.09","2,913.86","2,953.91",,
15-May-20,"2,829.95","2,865.01","2,816.78","2,863.70",,
14-May-20,"2,794.54","2,852.80","2,766.64","2,852.50",,
13-May-20,"2,865.86","2,874.14","2,793.15","2,820.00",,
12-May-20,"2,939.50","2,945.82","2,869.59","2,870.12",,
11-May-20,"2,915.46","2,944.25","2,903.44","2,930.19",,
8-May-20,"2,908.83","2,932.16","2,902.88","2,929.80",,
7-May-20,"2,878.26","2,901.92","2,876.48","2,881.19",,
6-May-20,"2,883.14","2,891.11","2,847.65","2,848.42",,
5-May-20,"2,868.88","2,898.23","2,863.55","2,868.44",,
4-May-20,"2,815.01","2,844.24","2,797.85","2,842.74",,
1-May-20,"2,869.09","2,869.09","2,821.61","2,830.71",,
30-Apr-20,"2,930.91","2,930.91","2,892.47","2,912.43",,
29-Apr-20,"2,918.46","2,954.86","2,912.16","2,939.51",,
28-Apr-20,"2,909.96","2,921.15","2,860.71","2,863.39",,
27-Apr-20,"2,854.65","2,887.72","2,852.89","2,878.48",,
24-Apr-20,"2,812.64","2,842.71","2,791.76","2,836.74",,
23-Apr-20,"2,810.42","2,844.90","2,794.26","2,797.80",,
22-Apr-20,"2,787.89","2,815.10","2,775.95","2,799.31",,
21-Apr-20,"2,784.81","2,785.54","2,727.10","2,736.56",,
20-Apr-20,"2,845.62","2,868.98","2,820.43","2,823.16",,
17-Apr-20,"2,842.43","2,879.22","2,830.88","2,874.56",,
16-Apr-20,"2,799.34","2,806.51","2,764.32","2,799.55",,
15-Apr-20,"2,795.64","2,801.88","2,761.54","2,783.36",,
14-Apr-20,"2,805.10","2,851.85","2,805.10","2,846.06",,
13-Apr-20,"2,782.46","2,782.46","2,721.17","2,761.63",,
9-Apr-20,"2,776.99","2,818.57","2,762.36","2,789.82",,
8-Apr-20,"2,685.00","2,760.75","2,663.30","2,749.98",,
7-Apr-20,"2,738.65","2,756.89","2,657.67","2,659.41",,
6-Apr-20,"2,578.28","2,676.85","2,574.57","2,663.68",,
3-Apr-20,"2,514.92","2,538.18","2,459.96","2,488.65",,
2-Apr-20,"2,458.54","2,533.22","2,455.79","2,526.90",,
1-Apr-20,"2,498.08","2,522.75","2,447.49","2,470.50",,
31-Mar-20,"2,614.69","2,641.39","2,571.15","2,584.59",,
30-Mar-20,"2,558.98","2,631.80","2,545.28","2,626.65",,
27-Mar-20,"2,555.87","2,615.91","2,520.02","2,541.47",,
26-Mar-20,"2,501.29","2,637.01","2,500.72","2,630.07",,
25-Mar-20,"2,457.77","2,571.42","2,407.53","2,475.56",,
24-Mar-20,"2,344.44","2,449.71","2,344.44","2,447.33",,
23-Mar-20,"2,290.71","2,300.73","2,191.86","2,237.40",,
20-Mar-20,"2,431.94","2,453.01","2,295.56","2,304.92",,
19-Mar-20,"2,393.48","2,466.97","2,319.78","2,409.39",,
18-Mar-20,"2,436.50","2,453.57","2,280.52","2,398.10",,
17-Mar-20,"2,425.66","2,553.93","2,367.04","2,529.19",,
16-Mar-20,"2,508.59","2,562.98","2,380.94","2,386.13",,
13-Mar-20,"2,569.99","2,711.33","2,492.37","2,711.02",,
12-Mar-20,"2,630.86","2,660.95","2,478.86","2,480.64",,
11-Mar-20,"2,825.60","2,825.60","2,707.22","2,741.38",,
10-Mar-20,"2,813.48","2,882.59","2,734.00","2,882.23",,
9-Mar-20,"2,863.89","2,863.89","2,734.43","2,746.56",,
6-Mar-20,"2,954.20","2,985.93","2,901.54","2,972.37",,
5-Mar-20,"3,075.70","3,083.04","2,999.83","3,023.94",,
4-Mar-20,"3,045.75","3,130.97","3,034.38","3,130.12",,
3-Mar-20,"3,096.46","3,136.72","2,976.63","3,003.37",,
2-Mar-20,"2,974.28","3,090.96","2,945.19","3,090.23",,